Subject,Start Date,Start Time,End Date,End Time,All Day Event,Description,Location,Private
相対論,2021/04/26,9:00 AM,2021/04/26,10:20 AM,FALSE,こんにちは,,FALSE
相対論,2021/05/03,9:00 AM,2021/05/03,10:20 AM,FALSE,こんにちは,,FALSE
相対論,2021/05/10,9:00 AM,2021/05/10,10:20 AM,FALSE,こんにちは,,FALSE
相対論,2021/05/17,9:00 AM,2021/05/17,10:20 AM,FALSE,こんにちは,,FALSE
相対論,2021/05/24,9:00 AM,2021/05/24,10:20 AM,FALSE,こんにちは,,FALSE
相対論,2021/05/31,9:00 AM,2021/05/31,10:20 AM,FALSE,こんにちは,,FALSE
相対論,2021/06/07,9:00 AM,2021/06/07,10:20 AM,FALSE,こんにちは,,FALSE
相対論,2021/06/14,9:00 AM,2021/06/14,10:20 AM,FALSE,こんにちは,,FALSE
相対論,2021/06/21,9:00 AM,2021/06/21,10:20 AM,FALSE,こんにちは,,FALSE
相対論,2021/06/28,9:00 AM,2021/06/28,10:20 AM,FALSE,こんにちは,,FALSE
物理学演習IIA,2021/04/26,1:30 PM,2021/04/26,2:50 PM,FALSE,0,,FALSE
物理学演習IIA,2021/05/03,1:30 PM,2021/05/03,2:50 PM,FALSE,0,,FALSE
物理学演習IIA,2021/05/10,1:30 PM,2021/05/10,2:50 PM,FALSE,0,,FALSE
物理学演習IIA,2021/05/17,1:30 PM,2021/05/17,2:50 PM,FALSE,0,,FALSE
物理学演習IIA,2021/05/24,1:30 PM,2021/05/24,2:50 PM,FALSE,0,,FALSE
物理学演習IIA,2021/05/31,1:30 PM,2021/05/31,2:50 PM,FALSE,0,,FALSE
物理学演習IIA,2021/06/07,1:30 PM,2021/06/07,2:50 PM,FALSE,0,,FALSE
物理学演習IIA,2021/06/14,1:30 PM,2021/06/14,2:50 PM,FALSE,0,,FALSE
物理学演習IIA,2021/06/21,1:30 PM,2021/06/21,2:50 PM,FALSE,0,,FALSE
物理学演習IIA,2021/06/28,1:30 PM,2021/06/28,2:50 PM,FALSE,0,,FALSE
熱力学,2021/04/21,10:30 AM,2021/04/21,11:50 AM,FALSE,0,,FALSE
熱力学,2021/04/28,10:30 AM,2021/04/28,11:50 AM,FALSE,0,,FALSE
熱力学,2021/05/05,10:30 AM,2021/05/05,11:50 AM,FALSE,0,,FALSE
熱力学,2021/05/12,10:30 AM,2021/05/12,11:50 AM,FALSE,0,,FALSE
熱力学,2021/05/19,10:30 AM,2021/05/19,11:50 AM,FALSE,0,,FALSE
熱力学,2021/05/26,10:30 AM,2021/05/26,11:50 AM,FALSE,0,,FALSE
熱力学,2021/06/02,10:30 AM,2021/06/02,11:50 AM,FALSE,0,,FALSE
熱力学,2021/06/09,10:30 AM,2021/06/09,11:50 AM,FALSE,0,,FALSE
熱力学,2021/06/16,10:30 AM,2021/06/16,11:50 AM,FALSE,0,,FALSE
熱力学,2021/06/23,10:30 AM,2021/06/23,11:50 AM,FALSE,0,,FALSE
複素関数,2021/04/21,1:30 PM,2021/04/21,2:50 PM,FALSE,0,,FALSE
複素関数,2021/04/28,1:30 PM,2021/04/28,2:50 PM,FALSE,0,,FALSE
複素関数,2021/05/05,1:30 PM,2021/05/05,2:50 PM,FALSE,0,,FALSE
複素関数,2021/05/12,1:30 PM,2021/05/12,2:50 PM,FALSE,0,,FALSE
複素関数,2021/05/19,1:30 PM,2021/05/19,2:50 PM,FALSE,0,,FALSE
複素関数,2021/05/26,1:30 PM,2021/05/26,2:50 PM,FALSE,0,,FALSE
複素関数,2021/06/02,1:30 PM,2021/06/02,2:50 PM,FALSE,0,,FALSE
複素関数,2021/06/09,1:30 PM,2021/06/09,2:50 PM,FALSE,0,,FALSE
複素関数,2021/06/16,1:30 PM,2021/06/16,2:50 PM,FALSE,0,,FALSE
複素関数,2021/06/23,1:30 PM,2021/06/23,2:50 PM,FALSE,0,,FALSE
スポーツ実技,2021/04/21,3:00 PM,2021/04/21,4:20 PM,FALSE,0,,FALSE
スポーツ実技,2021/04/28,3:00 PM,2021/04/28,4:20 PM,FALSE,0,,FALSE
スポーツ実技,2021/05/05,3:00 PM,2021/05/05,4:20 PM,FALSE,0,,FALSE
スポーツ実技,2021/05/12,3:00 PM,2021/05/12,4:20 PM,FALSE,0,,FALSE
スポーツ実技,2021/05/19,3:00 PM,2021/05/19,4:20 PM,FALSE,0,,FALSE
スポーツ実技,2021/05/26,3:00 PM,2021/05/26,4:20 PM,FALSE,0,,FALSE
スポーツ実技,2021/06/02,3:00 PM,2021/06/02,4:20 PM,FALSE,0,,FALSE
スポーツ実技,2021/06/09,3:00 PM,2021/06/09,4:20 PM,FALSE,0,,FALSE
スポーツ実技,2021/06/16,3:00 PM,2021/06/16,4:20 PM,FALSE,0,,FALSE
スポーツ実技,2021/06/23,3:00 PM,2021/06/23,4:20 PM,FALSE,0,,FALSE
解析力学,2021/04/21,4:30 PM,2021/04/21,5:50 PM,FALSE,0,,FALSE
解析力学,2021/04/28,4:30 PM,2021/04/28,5:50 PM,FALSE,0,,FALSE
解析力学,2021/05/05,4:30 PM,2021/05/05,5:50 PM,FALSE,0,,FALSE
解析力学,2021/05/12,4:30 PM,2021/05/12,5:50 PM,FALSE,0,,FALSE
解析力学,2021/05/19,4:30 PM,2021/05/19,5:50 PM,FALSE,0,,FALSE
解析力学,2021/05/26,4:30 PM,2021/05/26,5:50 PM,FALSE,0,,FALSE
解析力学,2021/06/02,4:30 PM,2021/06/02,5:50 PM,FALSE,0,,FALSE
解析力学,2021/06/09,4:30 PM,2021/06/09,5:50 PM,FALSE,0,,FALSE
解析力学,2021/06/16,4:30 PM,2021/06/16,5:50 PM,FALSE,0,,FALSE
解析力学,2021/06/23,4:30 PM,2021/06/23,5:50 PM,FALSE,0,,FALSE
日本文化,2021/04/27,9:00 AM,2021/04/27,10:20 AM,FALSE,0,,FALSE
日本文化,2021/04/29,9:00 AM,2021/04/29,10:20 AM,FALSE,0,,FALSE
日本文化,2021/05/04,9:00 AM,2021/05/04,10:20 AM,FALSE,0,,FALSE
日本文化,2021/05/06,9:00 AM,2021/05/06,10:20 AM,FALSE,0,,FALSE
日本文化,2021/05/11,9:00 AM,2021/05/11,10:20 AM,FALSE,0,,FALSE
日本文化,2021/05/13,9:00 AM,2021/05/13,10:20 AM,FALSE,0,,FALSE
日本文化,2021/05/18,9:00 AM,2021/05/18,10:20 AM,FALSE,0,,FALSE
日本文化,2021/05/20,9:00 AM,2021/05/20,10:20 AM,FALSE,0,,FALSE
日本文化,2021/05/25,9:00 AM,2021/05/25,10:20 AM,FALSE,0,,FALSE
日本文化,2021/05/27,9:00 AM,2021/05/27,10:20 AM,FALSE,0,,FALSE
日本文化,2021/06/01,9:00 AM,2021/06/01,10:20 AM,FALSE,0,,FALSE
日本文化,2021/06/03,9:00 AM,2021/06/03,10:20 AM,FALSE,0,,FALSE
日本文化,2021/06/08,9:00 AM,2021/06/08,10:20 AM,FALSE,0,,FALSE
日本文化,2021/06/10,9:00 AM,2021/06/10,10:20 AM,FALSE,0,,FALSE
日本文化,2021/06/15,9:00 AM,2021/06/15,10:20 AM,FALSE,0,,FALSE
日本文化,2021/06/17,9:00 AM,2021/06/17,10:20 AM,FALSE,0,,FALSE
日本文化,2021/06/22,9:00 AM,2021/06/22,10:20 AM,FALSE,0,,FALSE
日本文化,2021/06/24,9:00 AM,2021/06/24,10:20 AM,FALSE,0,,FALSE
相対論,2021/07/05,9:00 AM,2021/07/05,10:20 AM,FALSE,こんにちは,,FALSE
相対論,2021/07/12,9:00 AM,2021/07/12,10:20 AM,FALSE,こんにちは,,FALSE
相対論,2021/07/19,9:00 AM,2021/07/19,10:20 AM,FALSE,こんにちは,,FALSE
相対論,2021/07/26,9:00 AM,2021/07/26,10:20 AM,FALSE,こんにちは,,FALSE
相対論,2021/08/02,9:00 AM,2021/08/02,10:20 AM,FALSE,こんにちは,,FALSE
相対論,2021/08/09,9:00 AM,2021/08/09,10:20 AM,FALSE,こんにちは,,FALSE
相対論,2021/08/16,9:00 AM,2021/08/16,10:20 AM,FALSE,こんにちは,,FALSE
相対論,2021/08/23,9:00 AM,2021/08/23,10:20 AM,FALSE,こんにちは,,FALSE
物理学演習IIA,2021/07/05,1:30 PM,2021/07/05,2:50 PM,FALSE,0,,FALSE
物理学演習IIA,2021/07/12,1:30 PM,2021/07/12,2:50 PM,FALSE,0,,FALSE
物理学演習IIA,2021/07/19,1:30 PM,2021/07/19,2:50 PM,FALSE,0,,FALSE
物理学演習IIA,2021/07/26,1:30 PM,2021/07/26,2:50 PM,FALSE,0,,FALSE
物理学演習IIA,2021/08/02,1:30 PM,2021/08/02,2:50 PM,FALSE,0,,FALSE
物理学演習IIA,2021/08/09,1:30 PM,2021/08/09,2:50 PM,FALSE,0,,FALSE
物理学演習IIA,2021/08/16,1:30 PM,2021/08/16,2:50 PM,FALSE,0,,FALSE
物理学演習IIA,2021/08/23,1:30 PM,2021/08/23,2:50 PM,FALSE,0,,FALSE
熱力学,2021/07/07,10:30 AM,2021/07/07,11:50 AM,FALSE,0,,FALSE
熱力学,2021/07/14,10:30 AM,2021/07/14,11:50 AM,FALSE,0,,FALSE
熱力学,2021/07/21,10:30 AM,2021/07/21,11:50 AM,FALSE,0,,FALSE
熱力学,2021/07/28,10:30 AM,2021/07/28,11:50 AM,FALSE,0,,FALSE
熱力学,2021/08/04,10:30 AM,2021/08/04,11:50 AM,FALSE,0,,FALSE
熱力学,2021/08/11,10:30 AM,2021/08/11,11:50 AM,FALSE,0,,FALSE
熱力学,2021/08/18,10:30 AM,2021/08/18,11:50 AM,FALSE,0,,FALSE
熱力学,2021/08/25,10:30 AM,2021/08/25,11:50 AM,FALSE,0,,FALSE
複素関数,2021/07/07,1:30 PM,2021/07/07,2:50 PM,FALSE,0,,FALSE
複素関数,2021/07/14,1:30 PM,2021/07/14,2:50 PM,FALSE,0,,FALSE
複素関数,2021/07/21,1:30 PM,2021/07/21,2:50 PM,FALSE,0,,FALSE
複素関数,2021/07/28,1:30 PM,2021/07/28,2:50 PM,FALSE,0,,FALSE
複素関数,2021/08/04,1:30 PM,2021/08/04,2:50 PM,FALSE,0,,FALSE
複素関数,2021/08/11,1:30 PM,2021/08/11,2:50 PM,FALSE,0,,FALSE
複素関数,2021/08/18,1:30 PM,2021/08/18,2:50 PM,FALSE,0,,FALSE
複素関数,2021/08/25,1:30 PM,2021/08/25,2:50 PM,FALSE,0,,FALSE
スポーツ実技,2021/07/07,3:00 PM,2021/07/07,4:20 PM,FALSE,0,,FALSE
スポーツ実技,2021/07/14,3:00 PM,2021/07/14,4:20 PM,FALSE,0,,FALSE
スポーツ実技,2021/07/21,3:00 PM,2021/07/21,4:20 PM,FALSE,0,,FALSE
スポーツ実技,2021/07/28,3:00 PM,2021/07/28,4:20 PM,FALSE,0,,FALSE
スポーツ実技,2021/08/04,3:00 PM,2021/08/04,4:20 PM,FALSE,0,,FALSE
スポーツ実技,2021/08/11,3:00 PM,2021/08/11,4:20 PM,FALSE,0,,FALSE
スポーツ実技,2021/08/18,3:00 PM,2021/08/18,4:20 PM,FALSE,0,,FALSE
スポーツ実技,2021/08/25,3:00 PM,2021/08/25,4:20 PM,FALSE,0,,FALSE
解析力学,2021/07/07,4:30 PM,2021/07/07,5:50 PM,FALSE,0,,FALSE
解析力学,2021/07/14,4:30 PM,2021/07/14,5:50 PM,FALSE,0,,FALSE
解析力学,2021/07/21,4:30 PM,2021/07/21,5:50 PM,FALSE,0,,FALSE
解析力学,2021/07/28,4:30 PM,2021/07/28,5:50 PM,FALSE,0,,FALSE
解析力学,2021/08/04,4:30 PM,2021/08/04,5:50 PM,FALSE,0,,FALSE
解析力学,2021/08/11,4:30 PM,2021/08/11,5:50 PM,FALSE,0,,FALSE
解析力学,2021/08/18,4:30 PM,2021/08/18,5:50 PM,FALSE,0,,FALSE
解析力学,2021/08/25,4:30 PM,2021/08/25,5:50 PM,FALSE,0,,FALSE
